id,pAUC,pAUC (source),pAUC (target),AUC (source),AUC (target)
00,0.47947368421052633,0.47368421052631576,0.4926315789473684,0.55,0.41899999999999993
arithmetic mean,0.47947368421052633,0.47368421052631576,0.4926315789473684,0.55,0.41899999999999993
harmonic mean,0.4794736842105263,0.47368421052631576,0.4926315789473684,0.55,0.41899999999999993
