id,pAUC,pAUC (source),pAUC (target),AUC (source),AUC (target)
00,0.4978947368421053,0.6589473684210526,0.4884210526315789,0.663,0.5246000000000001
arithmetic mean,0.4978947368421053,0.6589473684210526,0.4884210526315789,0.663,0.5246000000000001
harmonic mean,0.4978947368421052,0.6589473684210526,0.4884210526315789,0.663,0.5246000000000001
