id,pAUC,pAUC (source),pAUC (target),AUC (source),AUC (target)
00,0.511578947368421,0.5221052631578947,0.5073684210526316,0.5478000000000001,0.5189999999999999
arithmetic mean,0.511578947368421,0.5221052631578947,0.5073684210526316,0.5478000000000001,0.5189999999999999
harmonic mean,0.511578947368421,0.5221052631578947,0.5073684210526316,0.5478000000000001,0.5189999999999999
