id,pAUC,pAUC (source),pAUC (target),AUC (source),AUC (target)
00,0.5310526315789473,0.5705263157894737,0.5073684210526316,0.7042,0.7013999999999999
arithmetic mean,0.5310526315789473,0.5705263157894737,0.5073684210526316,0.7042,0.7013999999999999
harmonic mean,0.5310526315789473,0.5705263157894737,0.5073684210526316,0.7042,0.7013999999999999
