id,pAUC,pAUC (source),pAUC (target),AUC (source),AUC (target)
00,0.5421052631578948,0.6042105263157895,0.4968421052631579,0.8266,0.7357999999999999
arithmetic mean,0.5421052631578948,0.6042105263157895,0.4968421052631579,0.8266,0.7357999999999999
harmonic mean,0.5421052631578948,0.6042105263157895,0.496842105263158,0.8266000000000001,0.7357999999999998
