id,pAUC,pAUC (source),pAUC (target),AUC (source),AUC (target)
00,0.5868421052631578,0.6126315789473684,0.6294736842105263,0.7876000000000001,0.3878
arithmetic mean,0.5868421052631578,0.6126315789473684,0.6294736842105263,0.7876000000000001,0.3878
harmonic mean,0.5868421052631578,0.6126315789473684,0.6294736842105263,0.7876000000000001,0.3878
