id,pAUC,pAUC (source),pAUC (target),AUC (source),AUC (target)
00,0.4957894736842105,0.4884210526315789,0.511578947368421,0.7266,0.43179999999999996
arithmetic mean,0.4957894736842105,0.4884210526315789,0.511578947368421,0.7266,0.43179999999999996
harmonic mean,0.4957894736842105,0.4884210526315789,0.511578947368421,0.7266,0.43179999999999996
