id,pAUC,pAUC (source),pAUC (target),AUC (source),AUC (target)
00,0.4936842105263158,0.6652631578947368,0.47578947368421054,0.6696,0.5336
arithmetic mean,0.4936842105263158,0.6652631578947368,0.47578947368421054,0.6696,0.5336
harmonic mean,0.4936842105263157,0.6652631578947368,0.47578947368421054,0.6696,0.5336
