section,AUC (source),AUC (target),pAUC,pAUC (source),pAUC (target),precision (source),precision (target),recall (source),recall (target),F1 score (source),F1 score (target)
00,0.7096,0.3178,0.578421052631579,0.5621052631578948,0.6105263157894737,0.4642857142857143,0.5,0.78,1.0,0.582089552238806,0.6666666666666666
arithmetic mean,0.7096,0.3178,0.578421052631579,0.5621052631578948,0.6105263157894737,0.4642857142857143,0.5,0.78,1.0,0.582089552238806,0.6666666666666666
harmonic mean,0.7096,0.3178,0.578421052631579,0.5621052631578948,0.6105263157894737,0.4642857142857143,0.5,0.78,1.0,0.582089552238806,0.6666666666666666

