id,pAUC,pAUC (source),pAUC (target),AUC (source),AUC (target)
00,0.5126315789473684,0.5536842105263158,0.5073684210526316,0.5488000000000001,0.514
arithmetic mean,0.5126315789473684,0.5536842105263158,0.5073684210526316,0.5488000000000001,0.514
harmonic mean,0.5126315789473684,0.5536842105263158,0.5073684210526316,0.5488000000000001,0.514
