section,AUC (source),AUC (target),pAUC,pAUC (source),pAUC (target),precision (source),precision (target),recall (source),recall (target),F1 score (source),F1 score (target)
00,0.5872,0.5662,0.4831578947368421,0.47578947368421054,0.4926315789473684,0.49122807017543857,0.5616438356164384,0.56,0.82,0.5233644859813084,0.6666666666666667
arithmetic mean,0.5872,0.5662,0.4831578947368421,0.47578947368421054,0.4926315789473684,0.49122807017543857,0.5616438356164384,0.56,0.82,0.5233644859813084,0.6666666666666667
harmonic mean,0.5872,0.5662,0.4831578947368421,0.47578947368421054,0.4926315789473684,0.4912280701754385,0.5616438356164384,0.56,0.8200000000000001,0.5233644859813084,0.6666666666666667

