id,pAUC,pAUC (source),pAUC (target),AUC (source),AUC (target)
00,0.5010526315789474,0.4863157894736842,0.511578947368421,0.6859999999999999,0.48919999999999997
arithmetic mean,0.5010526315789474,0.4863157894736842,0.511578947368421,0.6859999999999999,0.48919999999999997
harmonic mean,0.5010526315789474,0.48631578947368415,0.511578947368421,0.6859999999999999,0.4892
