section,AUC (source),AUC (target),pAUC,pAUC (source),pAUC (target),precision (source),precision (target),recall (source),recall (target),F1 score (source),F1 score (target)
00,0.8266,0.7357999999999999,0.5421052631578948,0.6042105263157895,0.4968421052631579,0.5,0.5,1.0,1.0,0.6666666666666666,0.6666666666666666
arithmetic mean,0.8266,0.7357999999999999,0.5421052631578948,0.6042105263157895,0.4968421052631579,0.5,0.5,1.0,1.0,0.6666666666666666,0.6666666666666666
harmonic mean,0.8266000000000001,0.7357999999999998,0.5421052631578948,0.6042105263157895,0.496842105263158,0.5,0.5,1.0,1.0,0.6666666666666666,0.6666666666666666

