section,AUC (source),AUC (target),pAUC,pAUC (source),pAUC (target),precision (source),precision (target),recall (source),recall (target),F1 score (source),F1 score (target)
00,0.5238,0.5287999999999999,0.5278947368421053,0.5578947368421052,0.5157894736842106,0.5,0.515625,0.7,0.66,0.5833333333333334,0.5789473684210525
arithmetic mean,0.5238,0.5287999999999999,0.5278947368421053,0.5578947368421052,0.5157894736842106,0.5,0.515625,0.7,0.66,0.5833333333333334,0.5789473684210525
harmonic mean,0.5238,0.5287999999999999,0.5278947368421053,0.5578947368421052,0.5157894736842106,0.5,0.515625,0.7,0.66,0.5833333333333334,0.5789473684210525

