section,AUC (source),AUC (target),pAUC,pAUC (source),pAUC (target),precision (source),precision (target),recall (source),recall (target),F1 score (source),F1 score (target)
00,0.7266,0.43179999999999996,0.4957894736842105,0.4884210526315789,0.511578947368421,0.5,0.5,1.0,1.0,0.6666666666666666,0.6666666666666666
arithmetic mean,0.7266,0.43179999999999996,0.4957894736842105,0.4884210526315789,0.511578947368421,0.5,0.5,1.0,1.0,0.6666666666666666,0.6666666666666666
harmonic mean,0.7266,0.43179999999999996,0.4957894736842105,0.4884210526315789,0.511578947368421,0.5,0.5,1.0,1.0,0.6666666666666666,0.6666666666666666

