section,AUC (source),AUC (target),pAUC,pAUC (source),pAUC (target),precision (source),precision (target),recall (source),recall (target),F1 score (source),F1 score (target)
00,0.55,0.41899999999999993,0.47947368421052633,0.47368421052631576,0.4926315789473684,0.5,0.5,1.0,1.0,0.6666666666666666,0.6666666666666666
arithmetic mean,0.55,0.41899999999999993,0.47947368421052633,0.47368421052631576,0.4926315789473684,0.5,0.5,1.0,1.0,0.6666666666666666,0.6666666666666666
harmonic mean,0.55,0.41899999999999993,0.4794736842105263,0.47368421052631576,0.4926315789473684,0.5,0.5,1.0,1.0,0.6666666666666666,0.6666666666666666

