section,AUC (source),AUC (target),pAUC,pAUC (source),pAUC (target),precision (source),precision (target),recall (source),recall (target),F1 score (source),F1 score (target)
00,0.7876000000000001,0.3878,0.5868421052631578,0.6126315789473684,0.6294736842105263,0.5,0.5,1.0,1.0,0.6666666666666666,0.6666666666666666
arithmetic mean,0.7876000000000001,0.3878,0.5868421052631578,0.6126315789473684,0.6294736842105263,0.5,0.5,1.0,1.0,0.6666666666666666,0.6666666666666666
harmonic mean,0.7876000000000001,0.3878,0.5868421052631578,0.6126315789473684,0.6294736842105263,0.5,0.5,1.0,1.0,0.6666666666666666,0.6666666666666666

