section,AUC (source),AUC (target),pAUC,pAUC (source),pAUC (target),precision (source),precision (target),recall (source),recall (target),F1 score (source),F1 score (target)
00,0.6859999999999999,0.48919999999999997,0.5010526315789474,0.4863157894736842,0.511578947368421,0.5161290322580645,0.5,0.96,1.0,0.6713286713286712,0.6666666666666666
arithmetic mean,0.6859999999999999,0.48919999999999997,0.5010526315789474,0.4863157894736842,0.511578947368421,0.5161290322580645,0.5,0.96,1.0,0.6713286713286712,0.6666666666666666
harmonic mean,0.6859999999999999,0.4892,0.5010526315789474,0.48631578947368415,0.511578947368421,0.5161290322580645,0.5,0.96,1.0,0.6713286713286712,0.6666666666666666

