section,AUC (source),AUC (target),pAUC,pAUC (source),pAUC (target),precision (source),precision (target),recall (source),recall (target),F1 score (source),F1 score (target)
00,0.5772,0.5863999999999999,0.5021052631578947,0.5052631578947369,0.49473684210526314,0.5,0.5,1.0,1.0,0.6666666666666666,0.6666666666666666
arithmetic mean,0.5772,0.5863999999999999,0.5021052631578947,0.5052631578947369,0.49473684210526314,0.5,0.5,1.0,1.0,0.6666666666666666,0.6666666666666666
harmonic mean,0.5772,0.5863999999999999,0.5021052631578947,0.5052631578947369,0.49473684210526314,0.5,0.5,1.0,1.0,0.6666666666666666,0.6666666666666666

