section,AUC (source),AUC (target),pAUC,pAUC (source),pAUC (target),precision (source),precision (target),recall (source),recall (target),F1 score (source),F1 score (target)
00,0.5488000000000001,0.514,0.5126315789473684,0.5536842105263158,0.5073684210526316,0.5434782608695652,0.45,0.5,0.36,0.5208333333333334,0.39999999999999997
arithmetic mean,0.5488000000000001,0.514,0.5126315789473684,0.5536842105263158,0.5073684210526316,0.5434782608695652,0.45,0.5,0.36,0.5208333333333334,0.39999999999999997
harmonic mean,0.5488000000000001,0.514,0.5126315789473684,0.5536842105263158,0.5073684210526316,0.5434782608695652,0.44999999999999996,0.5,0.36,0.5208333333333334,0.4

