section,AUC (source),AUC (target),pAUC,pAUC (source),pAUC (target),precision (source),precision (target),recall (source),recall (target),F1 score (source),F1 score (target)
00,0.7064,0.49420000000000003,0.5663157894736842,0.5978947368421053,0.5242105263157895,0.5625,0.5,0.72,0.84,0.631578947368421,0.6268656716417911
arithmetic mean,0.7064,0.49420000000000003,0.5663157894736842,0.5978947368421053,0.5242105263157895,0.5625,0.5,0.72,0.84,0.631578947368421,0.6268656716417911
harmonic mean,0.7064,0.49420000000000003,0.5663157894736842,0.5978947368421053,0.5242105263157895,0.5625,0.5,0.72,0.84,0.631578947368421,0.6268656716417911

