id,pAUC,pAUC (source),pAUC (target),AUC (source),AUC (target)
00,0.5278947368421053,0.5431578947368421,0.5136842105263157,0.599,0.598
arithmetic mean,0.5278947368421053,0.5431578947368421,0.5136842105263157,0.599,0.598
harmonic mean,0.5278947368421053,0.5431578947368421,0.5136842105263157,0.599,0.598
