id,pAUC,pAUC (source),pAUC (target),AUC (source),AUC (target)
00,0.578421052631579,0.5621052631578948,0.6105263157894737,0.7096,0.3178
arithmetic mean,0.578421052631579,0.5621052631578948,0.6105263157894737,0.7096,0.3178
harmonic mean,0.578421052631579,0.5621052631578948,0.6105263157894737,0.7096,0.3178
