id,pAUC,pAUC (source),pAUC (target),AUC (source),AUC (target)
00,0.4831578947368421,0.47578947368421054,0.4926315789473684,0.5872,0.5662
arithmetic mean,0.4831578947368421,0.47578947368421054,0.4926315789473684,0.5872,0.5662
harmonic mean,0.4831578947368421,0.47578947368421054,0.4926315789473684,0.5872,0.5662
