id,pAUC,pAUC (source),pAUC (target),AUC (source),AUC (target)
00,0.5663157894736842,0.5978947368421053,0.5242105263157895,0.7064,0.49420000000000003
arithmetic mean,0.5663157894736842,0.5978947368421053,0.5242105263157895,0.7064,0.49420000000000003
harmonic mean,0.5663157894736842,0.5978947368421053,0.5242105263157895,0.7064,0.49420000000000003
